Regiao - Sigla;Estado - Sigla;Municipio;Revenda;CNPJ da Revenda;Nome da Rua;Numero Rua;Complemento;Bairro;Cep;Produto;Data da Coleta;Valor de Venda;Valor de Compra;Unidade de Medida;Bandeira,,,,
SE;SP;GUARULHOS;AUTO POSTO SAKAMOTO LTDA; 49.051.667/0001-02;RODOVIA PRESIDENTE DUTRA;S/N;KM 210,5-SENT SP/RJ;BONSUCESSO;07178-580;GASOLINA;11/05/2004;1,967;1,6623;R$ / litro;PETROBRAS DISTRIBUIDORA S.A.,
SE;SP;GUARULHOS;AUTO POSTO SAKAMOTO LTDA; 49.051.667/0001-02;RODOVIA PRESIDENTE DUTRA;S/N;KM 210,5-SENT SP/RJ;BONSUCESSO;07178-580;ETANOL;11/05/2004;0,899;0,6282;R$ / litro;PETROBRAS DISTRIBUIDORA S.A.,
SE;SP;GUARULHOS;AUTO POSTO SAKAMOTO LTDA; 49.051.667/0001-02;RODOVIA PRESIDENTE DUTRA;S/N;KM 210,5-SENT SP/RJ;BONSUCESSO;07178-580;DIESEL;11/05/2004;1,299;1,1704;R$ / litro;PETROBRAS DISTRIBUIDORA S.A.,
SE;SP;SOROCABA;COMPETRO COMERCIO E DISTRIBUICAO DE DERIVADOS DE PETROLEO LTDA; 00.003.188/0001-21;RUA HUMBERTO DE CAMPOS;306;;JARDIM ZULMIRA;18061-000;GASOLINA;10/05/2004;1,85;1,67;R$ / litro;BRANCA,,
SE;SP;SOROCABA;COMPETRO COMERCIO E DISTRIBUICAO DE DERIVADOS DE PETROLEO LTDA; 00.003.188/0001-21;RUA HUMBERTO DE CAMPOS;306;;JARDIM ZULMIRA;18061-000;ETANOL;10/05/2004;0,78;0,48;R$ / litro;BRANCA,,
SE;SP;SOROCABA;COMPETRO COMERCIO E DISTRIBUICAO DE DERIVADOS DE PETROLEO LTDA; 00.003.188/0001-21;RUA HUMBERTO DE CAMPOS;306;;JARDIM ZULMIRA;18061-000;DIESEL;10/05/2004;1,29;1,216;R$ / litro;BRANCA,,
CO;DF;BRASILIA;GASOL COMBUSTÍVEIS AUTOMOTIVOS LTDA.; 00.603.738/0001-43;QI-QUADRA INTERNA 18  LOTES 47,49, 51 E 53;S/N;;TAGUATINGA;72315-000;GASOLINA;10/05/2004;2,03;1,7021;R$ / litro;PETROBRAS DISTRIBUIDORA S.A.
CO;DF;BRASILIA;GASOL COMBUSTÍVEIS AUTOMOTIVOS LTDA.; 00.603.738/0001-43;QI-QUADRA INTERNA 18  LOTES 47,49, 51 E 53;S/N;;TAGUATINGA;72315-000;ETANOL;10/05/2004;1,29;0,8437;R$ / litro;PETROBRAS DISTRIBUIDORA S.A.
CO;DF;BRASILIA;GASOL COMBUSTÍVEIS AUTOMOTIVOS LTDA.; 00.603.738/0001-43;QI-QUADRA INTERNA 18  LOTES 47,49, 51 E 53;S/N;;TAGUATINGA;72315-000;DIESEL;10/05/2004;1,46;1,2487;R$ / litro;PETROBRAS DISTRIBUIDORA S.A.
NE;BA;SALVADOR;PETROBRAS DISTRIBUIDORA S.A.; 34.274.233/0015-08;RUA EDISTIO PONDE;474;;STIEP;41770-395;GASOLINA;11/05/2004;1,91;1,7059;R$ / litro;PETROBRAS DISTRIBUIDORA S.A.,,
NE;BA;SALVADOR;PETROBRAS DISTRIBUIDORA S.A.; 34.274.233/0015-08;RUA EDISTIO PONDE;474;;STIEP;41770-395;ETANOL;11/05/2004;1,22;0,96;R$ / litro;PETROBRAS DISTRIBUIDORA S.A.,,
NE;BA;SALVADOR;PETROBRAS DISTRIBUIDORA S.A.; 34.274.233/0015-08;RUA EDISTIO PONDE;474;;STIEP;41770-395;DIESEL;11/05/2004;1,28;1,1714;R$ / litro;PETROBRAS DISTRIBUIDORA S.A.,,
SE;RJ;NITEROI;PETROBRAS DISTRIBUIDORA S.A.; 34.274.233/0033-81;AVENIDA ROBERTO SILVEIRA;205;;ICARAÍ;24230-151;GASOLINA;10/05/2004;2,039;1,7916;R$ / litro;PETROBRAS DISTRIBUIDORA S.A.,,
SE;RJ;NITEROI;PETROBRAS DISTRIBUIDORA S.A.; 34.274.233/0033-81;AVENIDA ROBERTO SILVEIRA;205;;ICARAÍ;24230-151;ETANOL;10/05/2004;1,199;;R$ / litro;PETROBRAS DISTRIBUIDORA S.A.,,,
SE;RJ;MACAE;PETROBRAS DISTRIBUIDORA S.A.; 34.274.233/0052-44;RUA CONSELHEIRO ALMEIDA PEREIRA;303;;PRAIA CAMPISTA;27923-510;GASOLINA;11/05/2004;2,15;1,8799;R$ / litro;PETROBRAS DISTRIBUIDORA S.A.,,
SE;RJ;MACAE;PETROBRAS DISTRIBUIDORA S.A.; 34.274.233/0052-44;RUA CONSELHEIRO ALMEIDA PEREIRA;303;;PRAIA CAMPISTA;27923-510;ETANOL;11/05/2004;1,3;1,0302;R$ / litro;PETROBRAS DISTRIBUIDORA S.A.,,
SE;RJ;MACAE;PETROBRAS DISTRIBUIDORA S.A.; 34.274.233/0052-44;RUA CONSELHEIRO ALMEIDA PEREIRA;303;;PRAIA CAMPISTA;27923-510;DIESEL;11/05/2004;1,34;1,1849;R$ / litro;PETROBRAS DISTRIBUIDORA S.A.,,
SE;MG;SAO SEBASTIAO DO PARAISO;REDE DE POSTOS ZERO IV LTDA.; 00.883.226/0001-88;RODOVIA BR 491 KM 03;3101;;ITAMARATI;37950-000;GASOLINA;10/05/2004;1,89;;R$ / litro;EXXEL,,,
SE;MG;SAO SEBASTIAO DO PARAISO;REDE DE POSTOS ZERO IV LTDA.; 00.883.226/0001-88;RODOVIA BR 491 KM 03;3101;;ITAMARATI;37950-000;ETANOL;10/05/2004;1,19;;R$ / litro;EXXEL,,,
SE;MG;SAO SEBASTIAO DO PARAISO;REDE DE POSTOS ZERO IV LTDA.; 00.883.226/0001-88;RODOVIA BR 491 KM 03;3101;;ITAMARATI;37950-000;DIESEL;10/05/2004;1,26;;R$ / litro;EXXEL,,,
S;RS;SANTA MARIA;SANTA LUCIA COMERCIO E PAVIMENTACOES LTDA; 87.305.868/0001-88;RODOVIA RS 509;1200;KM 03;JOĂO GOULART;97095-000;GASOLINA;10/05/2004;2,25;1,695;R$ / litro;PETROBRAS DISTRIBUIDORA S.A.,,
S;RS;SANTA MARIA;SANTA LUCIA COMERCIO E PAVIMENTACOES LTDA; 87.305.868/0001-88;RODOVIA RS 509;1200;KM 03;JOĂO GOULART;97095-000;ETANOL;10/05/2004;1,16;;R$ / litro;PETROBRAS DISTRIBUIDORA S.A.,,,
S;RS;SANTA MARIA;SANTA LUCIA COMERCIO E PAVIMENTACOES LTDA; 87.305.868/0001-88;RODOVIA RS 509;1200;KM 03;JOĂO GOULART;97095-000;DIESEL;10/05/2004;1,45;1,15;R$ / litro;PETROBRAS DISTRIBUIDORA S.A.,,
S;PR;PATO BRANCO;SANTOS & MERLO LTDA.; 79.854.667/0001-01;RUA TOCANTINS;2535;;CENTRO;85501-010;GASOLINA;12/05/2004;1,99;1,7281;R$ / litro;LIQUIGÁS,,
S;PR;PATO BRANCO;SANTOS & MERLO LTDA.; 79.854.667/0001-01;RUA TOCANTINS;2535;;CENTRO;85501-010;ETANOL;12/05/2004;1;0,69;R$ / litro;LIQUIGÁS,,,
S;PR;PATO BRANCO;SANTOS & MERLO LTDA.; 79.854.667/0001-01;RUA TOCANTINS;2535;;CENTRO;85501-010;DIESEL;12/05/2004;1,39;1,2;R$ / litro;LIQUIGÁS,,
N;AC;CRUZEIRO DO SUL;E. D. SILVA & FILHO LTDA - ME; 04.096.504/0001-08; MARGEM ESQUERDA DO RIO JURUA;S/N;FLUTUANTE;CENTRO;69980-000;GASOLINA;10/05/2004;2,41;1,8799;R$ / litro;BRANCA,,
N;AC;CRUZEIRO DO SUL;E. D. SILVA & FILHO LTDA - ME; 04.096.504/0001-08; MARGEM ESQUERDA DO RIO JURUA;S/N;FLUTUANTE;CENTRO;69980-000;DIESEL;10/05/2004;1,66;1,4794;R$ / litro;BRANCA,,
N;AC;CRUZEIRO DO SUL;AUTO POSTO IGARAPE PRETO LTDA; 34.711.457/0001-26;RODOVIA BR 364, KM 76;28271;SALA  02;ZONA RURAL;69980-000;GASOLINA;10/05/2004;2,35;1,8722;R$ / litro;BRANCA,
N;AC;CRUZEIRO DO SUL;AUTO POSTO IGARAPE PRETO LTDA; 34.711.457/0001-26;RODOVIA BR 364, KM 76;28271;SALA  02;ZONA RURAL;69980-000;DIESEL;10/05/2004;1,63;1,4794;R$ / litro;BRANCA,
N;AC;CRUZEIRO DO SUL;CAMELI COMERCIAL E DISTRIBUIDORA LTDA; 14.411.789/0005-01;ESTRADA DO AEROPORTO INTERNACIONAL;S/N;KM 2 - PRÉDIO 2 SALA H;NOSSA SENHORA DAS GRAÇAS;69980-000;GASOLINA;10/05/2004;2,4;1,875;R$ / litro;PETROBRAS DISTRIBUIDORA S.A.,,
N;AC;CRUZEIRO DO SUL;CAMELI COMERCIAL E DISTRIBUIDORA LTDA; 14.411.789/0005-01;ESTRADA DO AEROPORTO INTERNACIONAL;S/N;KM 2 - PRÉDIO 2 SALA H;NOSSA SENHORA DAS GRAÇAS;69980-000;DIESEL;10/05/2004;1,65;1,4811;R$ / litro;PETROBRAS DISTRIBUIDORA S.A.,,
N;AC;CRUZEIRO DO SUL;CAMELI COMERCIAL E DISTRIBUIDORA LTDA; 14.411.789/0003-40;ESTRADA DO AEROPORTO INTERNACIONAL;S/N;KM 2 - PREDIO 2 - SALA G;NOSSA SENHORA DAS GRAÇAS;69980-000;GASOLINA;10/05/2004;2,4;1,8754;R$ / litro;PETROBRAS DISTRIBUIDORA S.A.,,
N;AC;CRUZEIRO DO SUL;CAMELI COMERCIAL E DISTRIBUIDORA LTDA; 14.411.789/0003-40;ESTRADA DO AEROPORTO INTERNACIONAL;S/N;KM 2 - PREDIO 2 - SALA G;NOSSA SENHORA DAS GRAÇAS;69980-000;DIESEL;10/05/2004;1,65;1,4811;R$ / litro;PETROBRAS DISTRIBUIDORA S.A.,,
N;AC;CRUZEIRO DO SUL;C. A. B. MEDEIROS; 04.146.980/0001-96;ESTRADA DO AEROPORTO;S/N;KM 01 - EM FRENTE A GARAGEM DA RAYTUR;COHAB;69980-000;GASOLINA;10/05/2004;2,37;1,8722;R$ / litro;BRANCA,,
N;AC;CRUZEIRO DO SUL;C. A. B. MEDEIROS; 04.146.980/0001-96;ESTRADA DO AEROPORTO;S/N;KM 01 - EM FRENTE A GARAGEM DA RAYTUR;COHAB;69980-000;DIESEL;10/05/2004;1,65;1,4794;R$ / litro;BRANCA,,
N;AC;CRUZEIRO DO SUL;JAMES CASTRO CAMELI; 02.257.256/0002-95;TRAVESSA LUIZ MEIRIM PEDREIRA;101;1ş ANDAR, SL 3 B;MIRITIZAL;69980-000;GASOLINA;10/05/2004;2,4;1,8754;R$ / litro;BRANCA,
N;AC;CRUZEIRO DO SUL;JAMES CASTRO CAMELI; 02.257.256/0002-95;TRAVESSA LUIZ MEIRIM PEDREIRA;101;1ş ANDAR, SL 3 B;MIRITIZAL;69980-000;DIESEL;10/05/2004;1,65;1,4811;R$ / litro;BRANCA,
N;AC;CRUZEIRO DO SUL;JAMES CASTRO CAMELI; 02.257.256/0001-04;RUA   REGO BARROS;360;;Centro;69980-000;GASOLINA;10/05/2004;2,41;1,8754;R$ / litro;PETROBRAS DISTRIBUIDORA S.A.,,
N;AC;CRUZEIRO DO SUL;JAMES CASTRO CAMELI; 02.257.256/0001-04;RUA   REGO BARROS;360;;Centro;69980-000;ETANOL;10/05/2004;1,98;1,2992;R$ / litro;PETROBRAS DISTRIBUIDORA S.A.,,
N;AC;CRUZEIRO DO SUL;JAMES CASTRO CAMELI; 02.257.256/0001-04;RUA   REGO BARROS;360;;Centro;69980-000;DIESEL;10/05/2004;1,66;1,4811;R$ / litro;PETROBRAS DISTRIBUIDORA S.A.,,
N;AC;CRUZEIRO DO SUL;CIMACRE IMPORTAÇĂO E EXPORTAÇĂO LTDA; 01.534.514/0002-70;MARGEM ESQUERDA DO RIO JURUÁ;S/N;FLUTUANTE;CENTRO;69980-000;GASOLINA;10/05/2004;2,41;;R$ / litro;BRANCA,,,
N;AC;CRUZEIRO DO SUL;CIMACRE IMPORTAÇĂO E EXPORTAÇĂO LTDA; 01.534.514/0002-70;MARGEM ESQUERDA DO RIO JURUÁ;S/N;FLUTUANTE;CENTRO;69980-000;DIESEL;10/05/2004;1,66;;R$ / litro;BRANCA,,,
N;AC;CRUZEIRO DO SUL;CIMACRE IMPORTAÇĂO E EXPORTAÇĂO LTDA; 01.534.514/0001-90;AVENIDA BOULEVARD THAUMATURGO, 210;S/N;0;CENTRO;69980-000;GASOLINA;10/05/2004;2,41;;R$ / litro;BRANCA,,
N;AC;CRUZEIRO DO SUL;CIMACRE IMPORTAÇĂO E EXPORTAÇĂO LTDA; 01.534.514/0001-90;AVENIDA BOULEVARD THAUMATURGO, 210;S/N;0;CENTRO;69980-000;DIESEL;10/05/2004;1,66;;R$ / litro;BRANCA,,
N;AC;CRUZEIRO DO SUL;AMAZONIA COMERCIO DE DERIVADOS DE PETROLEO - EIRELI; 01.492.748/0001-11;MARGEM ESQUERDA DO RIO JURUA;S/N;;CENTRO;69065-001;GASOLINA;10/05/2004;2,4;1,8722;R$ / litro;BRANCA,,
N;AC;CRUZEIRO DO SUL;AMAZONIA COMERCIO DE DERIVADOS DE PETROLEO - EIRELI; 01.492.748/0001-11;MARGEM ESQUERDA DO RIO JURUA;S/N;;CENTRO;69065-001;DIESEL;10/05/2004;1,65;1,4794;R$ / litro;BRANCA,,
N;AC;RIO BRANCO;COMDEPE COMERCIO DE DERIVADOS DE PETROLEO LTDA; 01.198.443/0001-00;AVENIDA NACOES UNIDAS;23;;AVIARIO;69909-720;GASOLINA;10/05/2004;2,27;1,834;R$ / litro;PETROBRAS DISTRIBUIDORA S.A.,,
N;AC;RIO BRANCO;COMDEPE COMERCIO DE DERIVADOS DE PETROLEO LTDA; 01.198.443/0001-00;AVENIDA NACOES UNIDAS;23;;AVIARIO;69909-720;ETANOL;10/05/2004;1,57;1,078;R$ / litro;PETROBRAS DISTRIBUIDORA S.A.,,
N;AC;RIO BRANCO;COMDEPE COMERCIO DE DERIVADOS DE PETROLEO LTDA; 01.198.443/0001-00;AVENIDA NACOES UNIDAS;23;;AVIARIO;69909-720;DIESEL;10/05/2004;1,65;1,429;R$ / litro;PETROBRAS DISTRIBUIDORA S.A.,,
N;AC;RIO BRANCO;RODRIGUES COMERCIO DE COMBUSTIVEIS LTDA; 84.309.376/0001-72;AV CEARA;1867;;CENTRO;69900-303;GASOLINA;10/05/2004;2,27;1,834;R$ / litro;PETROBRAS DISTRIBUIDORA S.A.,,
N;AC;RIO BRANCO;RODRIGUES COMERCIO DE COMBUSTIVEIS LTDA; 84.309.376/0001-72;AV CEARA;1867;;CENTRO;69900-303;ETANOL;10/05/2004;1,57;1,177;R$ / litro;PETROBRAS DISTRIBUIDORA S.A.,,
N;AC;RIO BRANCO;RODRIGUES COMERCIO DE COMBUSTIVEIS LTDA; 84.309.376/0001-72;AV CEARA;1867;;CENTRO;69900-303;DIESEL;10/05/2004;1,65;1,429;R$ / litro;PETROBRAS DISTRIBUIDORA S.A.,,
N;AC;RIO BRANCO;R. N. DA COSTA; 04.113.510/0001-26;RUA JUAREZ TAVORA;S/N;0;PLACAS;69918-400;GASOLINA;10/05/2004;2,25;;R$ / litro;PETROBRAS DISTRIBUIDORA S.A.,,,
N;AC;RIO BRANCO;R. N. DA COSTA; 04.113.510/0001-26;RUA JUAREZ TAVORA;S/N;0;PLACAS;69918-400;ETANOL;10/05/2004;1,54;;R$ / litro;PETROBRAS DISTRIBUIDORA S.A.,,,
N;AC;RIO BRANCO;R. N. DA COSTA; 04.113.510/0001-26;RUA JUAREZ TAVORA;S/N;0;PLACAS;69918-400;DIESEL;10/05/2004;1,65;;R$ / litro;PETROBRAS DISTRIBUIDORA S.A.,,,
N;AC;RIO BRANCO;AUTO POSTO DISTRITO LTDA.; 04.087.649/0001-42;RUA 03;S/N;LOTE:08 ZONA:A  ST:4;DISTRITO INDUSTRIAL;69917-100;GASOLINA;10/05/2004;2,25;1,846;R$ / litro;PETROBRAS DISTRIBUIDORA S.A.,,
N;AC;RIO BRANCO;AUTO POSTO DISTRITO LTDA.; 04.087.649/0001-42;RUA 03;S/N;LOTE:08 ZONA:A  ST:4;DISTRITO INDUSTRIAL;69917-100;ETANOL;10/05/2004;1,6;1,192;R$ / litro;PETROBRAS DISTRIBUIDORA S.A.,,
N;AC;RIO BRANCO;AUTO POSTO DISTRITO LTDA.; 04.087.649/0001-42;RUA 03;S/N;LOTE:08 ZONA:A  ST:4;DISTRITO INDUSTRIAL;69917-100;DIESEL;10/05/2004;1,65;1,439;R$ / litro;PETROBRAS DISTRIBUIDORA S.A.,,
N;AC;RIO BRANCO;T. M. COMERCIO DE COMBUSTIVEIS E DERIVADOS LTDA; 03.899.888/0001-34;RUA VALDOMIRO LOPES;793;;CONQUISTA;69914-460;GASOLINA;10/05/2004;2,25;1,765;R$ / litro;BRANCA,,
N;AC;RIO BRANCO;T. M. COMERCIO DE COMBUSTIVEIS E DERIVADOS LTDA; 03.899.888/0001-34;RUA VALDOMIRO LOPES;793;;CONQUISTA;69914-460;ETANOL;10/05/2004;1,55;0,767;R$ / litro;BRANCA,,
N;AC;RIO BRANCO;T. M. COMERCIO DE COMBUSTIVEIS E DERIVADOS LTDA; 03.899.888/0001-34;RUA VALDOMIRO LOPES;793;;CONQUISTA;69914-460;DIESEL;10/05/2004;1,63;1,348;R$ / litro;BRANCA,,
N;AC;RIO BRANCO;S CARUTA DE ALMEIDA; 02.381.199/0001-70;RUA FLORIANO PEIXOTO;721;LOJA I;CENTRO;69908-030;GASOLINA;10/05/2004;2,27;1,846;R$ / litro;PETROBRAS DISTRIBUIDORA S.A.,,
N;AC;RIO BRANCO;S CARUTA DE ALMEIDA; 02.381.199/0001-70;RUA FLORIANO PEIXOTO;721;LOJA I;CENTRO;69908-030;ETANOL;10/05/2004;1,88;1,0501;R$ / litro;PETROBRAS DISTRIBUIDORA S.A.,,
N;AC;RIO BRANCO;S CARUTA DE ALMEIDA; 02.381.199/0001-70;RUA FLORIANO PEIXOTO;721;LOJA I;CENTRO;69908-030;DIESEL;10/05/2004;1,67;1,436;R$ / litro;PETROBRAS DISTRIBUIDORA S.A.,,
N;AC;RIO BRANCO;POSTO BATISTA LTDA; 04.517.975/0002-23;AVENIDA NAÇŐES UNIDAS;2041;0;ESTAÇĂO EXPERIMENTAL;69912-600;GASOLINA;10/05/2004;2,25;1,846;R$ / litro;PETROBRAS DISTRIBUIDORA S.A.,,
N;AC;RIO BRANCO;POSTO BATISTA LTDA; 04.517.975/0002-23;AVENIDA NAÇŐES UNIDAS;2041;0;ESTAÇĂO EXPERIMENTAL;69912-600;ETANOL;10/05/2004;1,55;1,192;R$ / litro;PETROBRAS DISTRIBUIDORA S.A.,,
N;AC;RIO BRANCO;POSTO BATISTA LTDA; 04.517.975/0002-23;AVENIDA NAÇŐES UNIDAS;2041;0;ESTAÇĂO EXPERIMENTAL;69912-600;DIESEL;10/05/2004;1,63;1,436;R$ / litro;PETROBRAS DISTRIBUIDORA S.A.,,
N;AC;RIO BRANCO;POSTO BATISTA LTDA; 04.517.975/0001-42;VIA CHICO MENDES;711;;VILA DNER;69906-150;GASOLINA;10/05/2004;2,25;1,828;R$ / litro;PETROBRAS DISTRIBUIDORA S.A.,,
N;AC;RIO BRANCO;POSTO BATISTA LTDA; 04.517.975/0001-42;VIA CHICO MENDES;711;;VILA DNER;69906-150;ETANOL;10/05/2004;1,57;1,093;R$ / litro;PETROBRAS DISTRIBUIDORA S.A.,,
N;AC;RIO BRANCO;POSTO BATISTA LTDA; 04.517.975/0001-42;VIA CHICO MENDES;711;;VILA DNER;69906-150;DIESEL;10/05/2004;1,62;1,42;R$ / litro;PETROBRAS DISTRIBUIDORA S.A.,,
N;AC;RIO BRANCO;AUTO POSTO PARATI LTDA; 34.697.730/0001-05;RUA   ISAURA PARENTE;434;;ISAURA PARENTE;69918-340;GASOLINA;10/05/2004;2,25;1,765;R$ / litro;BRANCA,,
N;AC;RIO BRANCO;AUTO POSTO PARATI LTDA; 34.697.730/0001-05;RUA   ISAURA PARENTE;434;;ISAURA PARENTE;69918-340;ETANOL;10/05/2004;1,55;0,767;R$ / litro;BRANCA,,
N;AC;RIO BRANCO;AUTO POSTO PARATI LTDA; 34.697.730/0001-05;RUA   ISAURA PARENTE;434;;ISAURA PARENTE;69918-340;DIESEL;10/05/2004;1,63;1,348;R$ / litro;BRANCA,,
N;AC;RIO BRANCO;AUTO POSTO TREVO LTDA; 84.322.932/0001-40;ESTRADA APOLONIO SALES;S/N;;VILA IVONETE;69914-610;GASOLINA;10/05/2004;2,25;1,82;R$ / litro;SABBÁ,,
N;AC;RIO BRANCO;AUTO POSTO TREVO LTDA; 84.322.932/0001-40;ESTRADA APOLONIO SALES;S/N;;VILA IVONETE;69914-610;ETANOL;10/05/2004;1,54;0,801;R$ / litro;SABBÁ,,
N;AC;RIO BRANCO;AUTO POSTO TREVO LTDA; 84.322.932/0001-40;ESTRADA APOLONIO SALES;S/N;;VILA IVONETE;69914-610;DIESEL;10/05/2004;1,65;1,33;R$ / litro;SABBÁ,,
N;AC;RIO BRANCO;AUTO POSTO VITORIA LTDA; 84.308.824/0001-13;AVENIDA CEARA;2456;;CENTRO;69900-460;GASOLINA;10/05/2004;2,26;;R$ / litro;SABBÁ,,,
N;AC;RIO BRANCO;AUTO POSTO VITORIA LTDA; 84.308.824/0001-13;AVENIDA CEARA;2456;;CENTRO;69900-460;ETANOL;10/05/2004;1,6;;R$ / litro;SABBÁ,,,
N;AC;RIO BRANCO;AUTO POSTO VITORIA LTDA; 84.308.824/0001-13;AVENIDA CEARA;2456;;CENTRO;69900-460;DIESEL;10/05/2004;1,66;;R$ / litro;SABBÁ,,,
N;AC;RIO BRANCO;LIDER AUTO POSTO LTDA; 84.301.191/0001-11;RUA SERGIPE;276;;CENTRO;69900-072;GASOLINA;10/05/2004;2,27;1,77;R$ / litro;PETROBRAS DISTRIBUIDORA S.A.,,
N;AC;RIO BRANCO;LIDER AUTO POSTO LTDA; 84.301.191/0001-11;RUA SERGIPE;276;;CENTRO;69900-072;ETANOL;10/05/2004;1,57;1,074;R$ / litro;PETROBRAS DISTRIBUIDORA S.A.,,
N;AC;RIO BRANCO;LIDER AUTO POSTO LTDA; 84.301.191/0001-11;RUA SERGIPE;276;;CENTRO;69900-072;DIESEL;10/05/2004;1,65;1,353;R$ / litro;PETROBRAS DISTRIBUIDORA S.A.,,
N;AC;RIO BRANCO;AUTO POSTO JUNIOR LTDA; 63.605.703/0001-63;AVENIDA GETULIO VARGAS;3149;;VILA IVONETE;69914-000;GASOLINA;10/05/2004;2,25;1,783;R$ / litro;PETROBRAS DISTRIBUIDORA S.A.,,
N;AC;RIO BRANCO;AUTO POSTO JUNIOR LTDA; 63.605.703/0001-63;AVENIDA GETULIO VARGAS;3149;;VILA IVONETE;69914-000;ETANOL;10/05/2004;1,54;0,809;R$ / litro;PETROBRAS DISTRIBUIDORA S.A.,,
N;AC;RIO BRANCO;AUTO POSTO JUNIOR LTDA; 63.605.703/0001-63;AVENIDA GETULIO VARGAS;3149;;VILA IVONETE;69914-000;DIESEL;10/05/2004;1,65;1,35;R$ / litro;PETROBRAS DISTRIBUIDORA S.A.,,
N;AC;RIO BRANCO;AUTO POSTO CENTRAL LTDA; 63.601.249/0001-72;AVENIDA CEARÁ;1114;;CENTRO;69900-460;GASOLINA;10/05/2004;2,29;1,816;R$ / litro;SABBÁ,,
N;AC;RIO BRANCO;AUTO POSTO CENTRAL LTDA; 63.601.249/0001-72;AVENIDA CEARÁ;1114;;CENTRO;69900-460;ETANOL;10/05/2004;1,55;0,808;R$ / litro;SABBÁ,,
N;AC;RIO BRANCO;AUTO POSTO CENTRAL LTDA; 63.601.249/0001-72;AVENIDA CEARÁ;1114;;CENTRO;69900-460;DIESEL;10/05/2004;1,66;1,357;R$ / litro;SABBÁ,,
N;AC;RIO BRANCO;AUTO POSTO SANTO ANTONIO LTDA; 14.412.076/0001-39;RUA ISAURA PARENTE;3265;;EST EXPERIMENTAL;69908-210;GASOLINA;10/05/2004;2,25;1,826;R$ / litro;SABBÁ,,
N;AC;RIO BRANCO;AUTO POSTO SANTO ANTONIO LTDA; 14.412.076/0001-39;RUA ISAURA PARENTE;3265;;EST EXPERIMENTAL;69908-210;ETANOL;10/05/2004;1,6;;R$ / litro;SABBÁ,,,
N;AC;RIO BRANCO;AUTO POSTO SANTO ANTONIO LTDA; 14.412.076/0001-39;RUA ISAURA PARENTE;3265;;EST EXPERIMENTAL;69908-210;DIESEL;10/05/2004;1,66;1,33;R$ / litro;SABBÁ,,
N;AC;RIO BRANCO;POSTO BONZAO LTDA; 14.315.998/0001-28;RUA DOM BOSCO 1;257;;BOSQUE;69900-643;GASOLINA;10/05/2004;2,26;1,846;R$ / litro;PETROBRAS DISTRIBUIDORA S.A.,,
N;AC;RIO BRANCO;POSTO BONZAO LTDA; 14.315.998/0001-28;RUA DOM BOSCO 1;257;;BOSQUE;69900-643;ETANOL;10/05/2004;1,55;1,093;R$ / litro;PETROBRAS DISTRIBUIDORA S.A.,,
N;AC;RIO BRANCO;POSTO BONZAO LTDA; 14.315.998/0001-28;RUA DOM BOSCO 1;257;;BOSQUE;69900-643;DIESEL;10/05/2004;1,62;1,436;R$ / litro;PETROBRAS DISTRIBUIDORA S.A.,,
N;AC;RIO BRANCO;AUTO POSTO AEROPORTO LTDA; 14.294.227/0001-00;V CHICO MENDES;2583;;COMARA;69906-326;GASOLINA;10/05/2004;2,28;1,841;R$ / litro;SABBÁ,,
N;AC;RIO BRANCO;AUTO POSTO AEROPORTO LTDA; 14.294.227/0001-00;V CHICO MENDES;2583;;COMARA;69906-326;ETANOL;10/05/2004;1,78;;R$ / litro;SABBÁ,,,
N;AC;RIO BRANCO;AUTO POSTO AEROPORTO LTDA; 14.294.227/0001-00;V CHICO MENDES;2583;;COMARA;69906-326;DIESEL;10/05/2004;1,64;1,362;R$ / litro;SABBÁ,,
N;AC;RIO BRANCO;POSTO FLORESTA E AGROPECUARIA LTDA; 04.767.269/0001-59;ESTRADA DA FLORESTA;684;;FLORESTA;69906-380;GASOLINA;10/05/2004;2,25;1,78;R$ / litro;PETROBRAS DISTRIBUIDORA S.A.,,
N;AC;RIO BRANCO;POSTO FLORESTA E AGROPECUARIA LTDA; 04.767.269/0001-59;ESTRADA DA FLORESTA;684;;FLORESTA;69906-380;ETANOL;10/05/2004;1,67;1,074;R$ / litro;PETROBRAS DISTRIBUIDORA S.A.,,
N;AC;RIO BRANCO;POSTO FLORESTA E AGROPECUARIA LTDA; 04.767.269/0001-59;ESTRADA DA FLORESTA;684;;FLORESTA;69906-380;DIESEL;10/05/2004;1,63;1,349;R$ / litro;PETROBRAS DISTRIBUIDORA S.A.,,
N;AC;RIO BRANCO;SILVA & FILHO LTDA; 04.754.643/0001-81;ESTRADA DIAS MARTINS;1,465;;DISTRITO INDUSTRIAL;69911-845;GASOLINA;10/05/2004;2,26;1,825;R$ / litro;DNP,
N;AC;RIO BRANCO;SILVA & FILHO LTDA; 04.754.643/0001-81;ESTRADA DIAS MARTINS;1,465;;DISTRITO INDUSTRIAL;69911-845;ETANOL;10/05/2004;1,6;;R$ / litro;DNP,,
N;AC;RIO BRANCO;SILVA & FILHO LTDA; 04.754.643/0001-81;ESTRADA DIAS MARTINS;1,465;;DISTRITO INDUSTRIAL;69911-845;DIESEL;10/05/2004;1,65;1,365;R$ / litro;DNP,
N;AC;RIO BRANCO;FREITAS COMERCIO DERIVADOS DE PETROLEO LTDA; 04.587.754/0001-40;AVENIDA CEARA;3491;;7O BEC;69918-108;GASOLINA;10/05/2004;2,25;1,846;R$ / litro;PETROBRAS DISTRIBUIDORA S.A.,,
N;AC;RIO BRANCO;FREITAS COMERCIO DERIVADOS DE PETROLEO LTDA; 04.587.754/0001-40;AVENIDA CEARA;3491;;7O BEC;69918-108;ETANOL;10/05/2004;1,6;1,093;R$ / litro;PETROBRAS DISTRIBUIDORA S.A.,,
N;AC;RIO BRANCO;FREITAS COMERCIO DERIVADOS DE PETROLEO LTDA; 04.587.754/0001-40;AVENIDA CEARA;3491;;7O BEC;69918-108;DIESEL;10/05/2004;1,63;1,436;R$ / litro;PETROBRAS DISTRIBUIDORA S.A.,,
N;AC;RIO BRANCO;AUTO POSTO MODELO LTDA.; 04.514.063/0001-17;AVENIDA GETÚLIO VARGAS;1729;0;BOSQUE;69908-650;GASOLINA;10/05/2004;2,25;;R$ / litro;PETROBRAS DISTRIBUIDORA S.A.,,,
N;AC;RIO BRANCO;AUTO POSTO MODELO LTDA.; 04.514.063/0001-17;AVENIDA GETÚLIO VARGAS;1729;0;BOSQUE;69908-650;ETANOL;10/05/2004;1,54;;R$ / litro;PETROBRAS DISTRIBUIDORA S.A.,,,
N;AC;RIO BRANCO;AUTO POSTO RD LTDA.; 04.077.459/0001-44;RUA MINAS GERAIS;1412;ESQ. A RUA LEBLON;IVETE VARGAS;69906-000;GASOLINA;10/05/2004;2,25;1,783;R$ / litro;PETROBRAS DISTRIBUIDORA S.A.,,
N;AC;RIO BRANCO;AUTO POSTO RD LTDA.; 04.077.459/0001-44;RUA MINAS GERAIS;1412;ESQ. A RUA LEBLON;IVETE VARGAS;69906-000;ETANOL;10/05/2004;1,5;1,089;R$ / litro;PETROBRAS DISTRIBUIDORA S.A.,,
N;AC;RIO BRANCO;AUTO POSTO RD LTDA.; 04.077.459/0001-44;RUA MINAS GERAIS;1412;ESQ. A RUA LEBLON;IVETE VARGAS;69906-000;DIESEL;10/05/2004;1,63;1,373;R$ / litro;PETROBRAS DISTRIBUIDORA S.A.,,
N;AC;RIO BRANCO;JOAO FERREIRA DA CUNHA; 04.068.342/0001-02;RUA 6 DE AGOSTO;31;;SEIS DE AGOSTO;69905-629;GASOLINA;10/05/2004;2,26;1,846;R$ / litro;PETROBRAS DISTRIBUIDORA S.A.,,
N;AC;RIO BRANCO;JOAO FERREIRA DA CUNHA; 04.068.342/0001-02;RUA 6 DE AGOSTO;31;;SEIS DE AGOSTO;69905-629;ETANOL;10/05/2004;1,55;1,093;R$ / litro;PETROBRAS DISTRIBUIDORA S.A.,,
N;AC;RIO BRANCO;JOAO FERREIRA DA CUNHA; 04.068.342/0001-02;RUA 6 DE AGOSTO;31;;SEIS DE AGOSTO;69905-629;DIESEL;10/05/2004;1,63;1,436;R$ / litro;PETROBRAS DISTRIBUIDORA S.A.,,
N;AC;RIO BRANCO;POSTO TRIÂNGULO LTDA.; 04.045.191/0001-69;RUA BOULEVARD AUGUSTO MONTEIRO;1268;0;TRIÂNGULO;69901-230;GASOLINA;10/05/2004;2,28;1,846;R$ / litro;PETROBRAS DISTRIBUIDORA S.A.,,
N;AC;RIO BRANCO;POSTO TRIÂNGULO LTDA.; 04.045.191/0001-69;RUA BOULEVARD AUGUSTO MONTEIRO;1268;0;TRIÂNGULO;69901-230;ETANOL;10/05/2004;1,78;0,887;R$ / litro;PETROBRAS DISTRIBUIDORA S.A.,,
N;AC;RIO BRANCO;POSTO TRIÂNGULO LTDA.; 04.045.191/0001-69;RUA BOULEVARD AUGUSTO MONTEIRO;1268;0;TRIÂNGULO;69901-230;DIESEL;10/05/2004;1,64;1,438;R$ / litro;PETROBRAS DISTRIBUIDORA S.A.,,
N;AC;RIO BRANCO;A. CANDIDA TAVARES; 01.505.720/0001-71;RUA RIO DE JANEIRO;731;0;PREVENTÓRIO;69906-380;GASOLINA;10/05/2004;2,25;1,81;R$ / litro;BRANCA,,
N;AC;RIO BRANCO;A. CANDIDA TAVARES; 01.505.720/0001-71;RUA RIO DE JANEIRO;731;0;PREVENTÓRIO;69906-380;ETANOL;10/05/2004;1,5;;R$ / litro;BRANCA,,,
N;AC;RIO BRANCO;A. CANDIDA TAVARES; 01.505.720/0001-71;RUA RIO DE JANEIRO;731;0;PREVENTÓRIO;69906-380;DIESEL;10/05/2004;1,63;1,343;R$ / litro;BRANCA,,
N;AC;RIO BRANCO;BRITA LINS COMERCIO E EXPLORACAO DE MINERIOS LTDA; 00.542.929/0001-42;RODOVIA BR 364 ENTRONCAMENTO C/ AC- 40;S/N;KM 01;CORRENTE;69901-180;GASOLINA;10/05/2004;2,27;;R$ / litro;BRANCA,,,
N;AC;RIO BRANCO;BRITA LINS COMERCIO E EXPLORACAO DE MINERIOS LTDA; 00.542.929/0001-42;RODOVIA BR 364 ENTRONCAMENTO C/ AC- 40;S/N;KM 01;CORRENTE;69901-180;ETANOL;10/05/2004;1,7;;R$ / litro;BRANCA,,,
N;AC;RIO BRANCO;BRITA LINS COMERCIO E EXPLORACAO DE MINERIOS LTDA; 00.542.929/0001-42;RODOVIA BR 364 ENTRONCAMENTO C/ AC- 40;S/N;KM 01;CORRENTE;69901-180;DIESEL;10/05/2004;1,64;;R$ / litro;BRANCA,,,
N;AC;SENA MADUREIRA;SENA COMERCIO DE DERIVADOS DE PETROLEO LTDA; 63.609.002/0001-00;AVENIDA BRASIL;2154;;TRIANGULO;69940-000;GASOLINA;10/05/2004;2,45;;R$ / litro;PETROBRAS DISTRIBUIDORA S.A.,,,
N;AC;SENA MADUREIRA;SENA COMERCIO DE DERIVADOS DE PETROLEO LTDA; 63.609.002/0001-00;AVENIDA BRASIL;2154;;TRIANGULO;69940-000;ETANOL;10/05/2004;1,79;;R$ / litro;PETROBRAS DISTRIBUIDORA S.A.,,,
N;AC;SENA MADUREIRA;SENA COMERCIO DE DERIVADOS DE PETROLEO LTDA; 63.609.002/0001-00;AVENIDA BRASIL;2154;;TRIANGULO;69940-000;DIESEL;10/05/2004;1,78;;R$ / litro;PETROBRAS DISTRIBUIDORA S.A.,,,
N;AC;SENA MADUREIRA;J.N.COMERCIO DE DERIVADOS DE PETROLEO LTDA. - EPP; 34.705.087/0001-14;AVENIDA AVELINO CHAVES;200;;CENTRO;69940-000;GASOLINA;10/05/2004;2,45;1,8725;R$ / litro;PETROBRAS DISTRIBUIDORA S.A.,,
N;AC;SENA MADUREIRA;J.N.COMERCIO DE DERIVADOS DE PETROLEO LTDA. - EPP; 34.705.087/0001-14;AVENIDA AVELINO CHAVES;200;;CENTRO;69940-000;ETANOL;10/05/2004;1,79;1,2658;R$ / litro;PETROBRAS DISTRIBUIDORA S.A.,,
N;AC;SENA MADUREIRA;J.N.COMERCIO DE DERIVADOS DE PETROLEO LTDA. - EPP; 34.705.087/0001-14;AVENIDA AVELINO CHAVES;200;;CENTRO;69940-000;DIESEL;10/05/2004;1,78;1,4662;R$ / litro;PETROBRAS DISTRIBUIDORA S.A.,,
N;AC;SENA MADUREIRA;GONCALVES E FREITAS LTDA; 04.016.507/0002-75;RUA SARGENTO SOUZA;689;;CENTO;69940-000;GASOLINA;10/05/2004;2,245;1,8356;R$ / litro;BRANCA,,
N;AC;SENA MADUREIRA;GONCALVES E FREITAS LTDA; 04.016.507/0002-75;RUA SARGENTO SOUZA;689;;CENTO;69940-000;DIESEL;10/05/2004;1,78;1,4198;R$ / litro;BRANCA,,
N;AC;SENA MADUREIRA;GONCALVES E FREITAS LTDA; 04.016.507/0001-94;RUA PADRE EGIDIO;341;;CENTRO;69940-000;GASOLINA;10/05/2004;2,45;1,8344;R$ / litro;PETROBRAS DISTRIBUIDORA S.A.,,
N;AC;SENA MADUREIRA;GONCALVES E FREITAS LTDA; 04.016.507/0001-94;RUA PADRE EGIDIO;341;;CENTRO;69940-000;DIESEL;10/05/2004;1,78;1,428;R$ / litro;PETROBRAS DISTRIBUIDORA S.A.,,
N;AC;SENA MADUREIRA;PETROSENA LTDA - ME; 03.864.861/0001-06;AVENIDA BRASIL;1156;;JORGE ALVES JUNIOR;69940-000;GASOLINA;10/05/2004;2,45;1,8;R$ / litro;BRANCA,,
N;AC;SENA MADUREIRA;PETROSENA LTDA - ME; 03.864.861/0001-06;AVENIDA BRASIL;1156;;JORGE ALVES JUNIOR;69940-000;ETANOL;10/05/2004;1,79;0,8142;R$ / litro;BRANCA,,
N;AC;SENA MADUREIRA;PETROSENA LTDA - ME; 03.864.861/0001-06;AVENIDA BRASIL;1156;;JORGE ALVES JUNIOR;69940-000;DIESEL;10/05/2004;1,78;1,343;R$ / litro;BRANCA,,
N;AC;SENADOR GUIOMARD;AUTO POSTO QUINARI LTDA; 10.209.732/0001-40;AVENIDA CASTELO BRANCO;2709;;CENTRO;69925-000;GASOLINA;10/05/2004;2,27;;R$ / litro;SABBÁ,,,
N;AC;SENADOR GUIOMARD;AUTO POSTO QUINARI LTDA; 10.209.732/0001-40;AVENIDA CASTELO BRANCO;2709;;CENTRO;69925-000;ETANOL;10/05/2004;1,85;;R$ / litro;SABBÁ,,,
N;AC;SENADOR GUIOMARD;AUTO POSTO QUINARI LTDA; 10.209.732/0001-40;AVENIDA CASTELO BRANCO;2709;;CENTRO;69925-000;DIESEL;10/05/2004;1,64;;R$ / litro;SABBÁ,,,
N;AC;SENADOR GUIOMARD;F HAMAGUCHI AQUINO - ME; 84.305.259/0001-30;RUA CASTELO BRANCO;776;;CENTRO;69925-000;GASOLINA;10/05/2004;2,27;;R$ / litro;PETROBRAS DISTRIBUIDORA S.A.,,,
N;AC;SENADOR GUIOMARD;F HAMAGUCHI AQUINO - ME; 84.305.259/0001-30;RUA CASTELO BRANCO;776;;CENTRO;69925-000;ETANOL;10/05/2004;1,85;;R$ / litro;PETROBRAS DISTRIBUIDORA S.A.,,,
N;AC;SENADOR GUIOMARD;F HAMAGUCHI AQUINO - ME; 84.305.259/0001-30;RUA CASTELO BRANCO;776;;CENTRO;69925-000;DIESEL;10/05/2004;1,64;;R$ / litro;PETROBRAS DISTRIBUIDORA S.A.,,,
N;AC;SENADOR GUIOMARD;A.R.CAETANO; 04.120.271/0001-31; BR 364 KM 60;S/N;;CAMPINAS;69925-000;GASOLINA;10/05/2004;2,28;;R$ / litro;BRANCA,,,
N;AC;SENADOR GUIOMARD;A.R.CAETANO; 04.120.271/0001-31; BR 364 KM 60;S/N;;CAMPINAS;69925-000;ETANOL;10/05/2004;1,86;;R$ / litro;BRANCA,,,
N;AC;SENADOR GUIOMARD;A.R.CAETANO; 04.120.271/0001-31; BR 364 KM 60;S/N;;CAMPINAS;69925-000;DIESEL;10/05/2004;1,65;;R$ / litro;BRANCA,,,
N;AC;TARAUACA;FIGUEREDO & CIA LTDA; 14.276.935/0001-00;RUA TRINTA E UM DE MARCO;S/N;;CENTRO;69970-000;GASOLINA;10/05/2004;1,85;;R$ / litro;BRANCA,,,
N;AC;TARAUACA;FIGUEREDO & CIA LTDA; 14.276.935/0001-00;RUA TRINTA E UM DE MARCO;S/N;;CENTRO;69970-000;DIESEL;10/05/2004;1,9;;R$ / litro;BRANCA,,,
N;AC;TARAUACA;TOMAZ NAVEGACOES LTDA; 03.454.192/0001-02;RUA EPAMINONDAS JACOME;S/N;;CENTRO;69970-000;GASOLINA;10/05/2004;2,85;;R$ / litro;EQUATORIAL,,,
N;AC;TARAUACA;TOMAZ NAVEGACOES LTDA; 03.454.192/0001-02;RUA EPAMINONDAS JACOME;S/N;;CENTRO;69970-000;DIESEL;10/05/2004;1,9;;R$ / litro;EQUATORIAL,,,
N;AC;TARAUACA;POSTO RI LTDA; 63.604.631/0001-30;RUA JUSTINIANO SERPA;69;;CENTRO;69970-000;GASOLINA;10/05/2004;2,85;;R$ / litro;EQUATORIAL,,,
N;AC;TARAUACA;POSTO RI LTDA; 63.604.631/0001-30;RUA JUSTINIANO SERPA;69;;CENTRO;69970-000;DIESEL;10/05/2004;1,9;;R$ / litro;EQUATORIAL,,,
N;AC;TARAUACA;POSTO RI LTDA; 63.604.631/0002-10;RUA 31 DE MARCO - MARGEM ESQUERDA;S/N;RIO TARAUACA;CENTRO;69970-000;GASOLINA;10/05/2004;2,85;;R$ / litro;BRANCA,,,
N;AC;TARAUACA;POSTO RI LTDA; 63.604.631/0002-10;RUA 31 DE MARCO - MARGEM ESQUERDA;S/N;RIO TARAUACA;CENTRO;69970-000;DIESEL;10/05/2004;1,9;;R$ / litro;BRANCA,,,
NE;AL;ARAPIRACA;POSTO ARAPIRACA LTDA; 12.451.076/0001-12;RUA EXPEDICIONARIOS BRASILEIROS;252;;CENTRO;57300-590;GASOLINA;10/05/2004;2,07;1,7073;R$ / litro;PETROBRAS DISTRIBUIDORA S.A.,,
NE;AL;ARAPIRACA;POSTO ARAPIRACA LTDA; 12.451.076/0001-12;RUA EXPEDICIONARIOS BRASILEIROS;252;;CENTRO;57300-590;ETANOL;10/05/2004;1,2;1;R$ / litro;PETROBRAS DISTRIBUIDORA S.A.,,,
NE;AL;ARAPIRACA;POSTO ARAPIRACA LTDA; 12.451.076/0001-12;RUA EXPEDICIONARIOS BRASILEIROS;252;;CENTRO;57300-590;DIESEL;10/05/2004;1,39;1,1934;R$ / litro;PETROBRAS DISTRIBUIDORA S.A.,,
NE;AL;ARAPIRACA;QUENTINO & COSTA LTDA; 05.105.925/0001-10;RUA DOM JONAS BATINGA;4;;CENTRO;57301-130;GASOLINA;10/05/2004;2,09;;R$ / litro;PETROBRAS DISTRIBUIDORA S.A.,,,
NE;AL;ARAPIRACA;QUENTINO & COSTA LTDA; 05.105.925/0001-10;RUA DOM JONAS BATINGA;4;;CENTRO;57301-130;ETANOL;10/05/2004;1,1;;R$ / litro;PETROBRAS DISTRIBUIDORA S.A.,,,
NE;AL;ARAPIRACA;QUENTINO & COSTA LTDA; 05.105.925/0001-10;RUA DOM JONAS BATINGA;4;;CENTRO;57301-130;DIESEL;10/05/2004;1,37;;R$ / litro;PETROBRAS DISTRIBUIDORA S.A.,,,
NE;AL;ARAPIRACA;CENTRO COMERCIAL FERREIRA LTDA.; 04.714.021/0002-00;RODOVIA AL 110;S/N;KM 69;ZONA RURAL;57300-000;GASOLINA;10/05/2004;2,07;;R$ / litro;BRANCA,,,
NE;AL;ARAPIRACA;CENTRO COMERCIAL FERREIRA LTDA.; 04.714.021/0002-00;RODOVIA AL 110;S/N;KM 69;ZONA RURAL;57300-000;ETANOL;10/05/2004;1,15;;R$ / litro;BRANCA,,,
NE;AL;ARAPIRACA;CENTRO COMERCIAL FERREIRA LTDA.; 04.714.021/0002-00;RODOVIA AL 110;S/N;KM 69;ZONA RURAL;57300-000;DIESEL;10/05/2004;1,38;;R$ / litro;BRANCA,,,
NE;AL;ARAPIRACA;COMERCIAL DE COMBUSTÍVEIS E LUBRIFICANTES VITAL LTDA.; 02.817.655/0001-82;RODOVIA AL 220;S/N.ş;KM 06;PLANALTO;57308-000;GASOLINA;10/05/2004;2,09;;R$ / litro;PETROBRAS DISTRIBUIDORA S.A.,,,
NE;AL;ARAPIRACA;COMERCIAL DE COMBUSTÍVEIS E LUBRIFICANTES VITAL LTDA.; 02.817.655/0001-82;RODOVIA AL 220;S/N.ş;KM 06;PLANALTO;57308-000;ETANOL;10/05/2004;1,249;;R$ / litro;PETROBRAS DISTRIBUIDORA S.A.,,,
NE;AL;ARAPIRACA;COMERCIAL DE COMBUSTÍVEIS E LUBRIFICANTES VITAL LTDA.; 02.817.655/0001-82;RODOVIA AL 220;S/N.ş;KM 06;PLANALTO;57308-000;DIESEL;10/05/2004;1,399;;R$ / litro;PETROBRAS DISTRIBUIDORA S.A.,,,
NE;AL;ARAPIRACA;IRMAOS JOTA PINTO & CIA LTDA; 08.418.303/0006-45;RODOVIA AL 220;S/N;KM 08;BAIXA GRANDE;57308-000;GASOLINA;10/05/2004;2,09;;R$ / litro;PETROBRAS DISTRIBUIDORA S.A.,,,
NE;AL;ARAPIRACA;IRMAOS JOTA PINTO & CIA LTDA; 08.418.303/0006-45;RODOVIA AL 220;S/N;KM 08;BAIXA GRANDE;57308-000;ETANOL;10/05/2004;1,25;;R$ / litro;PETROBRAS DISTRIBUIDORA S.A.,,,
NE;AL;ARAPIRACA;IRMAOS JOTA PINTO & CIA LTDA; 08.418.303/0006-45;RODOVIA AL 220;S/N;KM 08;BAIXA GRANDE;57308-000;DIESEL;10/05/2004;1,39;;R$ / litro;PETROBRAS DISTRIBUIDORA S.A.,,,
NE;AL;ARAPIRACA;POSTO ATLANTIC CONFIANCA LTDA; 08.461.170/0001-85;RUA QUINZE DE NOVEMBRO;470;;CENTRO;57300-340;GASOLINA;10/05/2004;2,09;;R$ / litro;CBPI,,,
NE;AL;ARAPIRACA;POSTO ATLANTIC CONFIANCA LTDA; 08.461.170/0001-85;RUA QUINZE DE NOVEMBRO;470;;CENTRO;57300-340;ETANOL;10/05/2004;1,2;;R$ / litro;CBPI,,,
NE;AL;ARAPIRACA;POSTO ATLANTIC CONFIANCA LTDA; 08.461.170/0001-85;RUA QUINZE DE NOVEMBRO;470;;CENTRO;57300-340;DIESEL;10/05/2004;1,4;;R$ / litro;CBPI,,,
NE;AL;ARAPIRACA;AUTO POSTO SAO FRANCISCO LTDA; 12.706.529/0001-04;RUA SAO FRANCISCO;274;;CENTRO;57300-080;GASOLINA;10/05/2004;2,08;1,7898;R$ / litro;CBPI,,
NE;AL;ARAPIRACA;AUTO POSTO SAO FRANCISCO LTDA; 12.706.529/0001-04;RUA SAO FRANCISCO;274;;CENTRO;57300-080;ETANOL;10/05/2004;1,25;0,9992;R$ / litro;CBPI,,
NE;AL;ARAPIRACA;POSTO E HOTEL DIVAN LTDA; 24.313.645/0001-42;AVENIDA GOVERNADOR ANTONIO SIMEĂO LAMENHA FILHO;406;;JARDIM TROPICAL;57300-000;GASOLINA;10/05/2004;2,09;1,7436;R$ / litro;PETROBRAS DISTRIBUIDORA S.A.,,
NE;AL;ARAPIRACA;POSTO E HOTEL DIVAN LTDA; 24.313.645/0001-42;AVENIDA GOVERNADOR ANTONIO SIMEĂO LAMENHA FILHO;406;;JARDIM TROPICAL;57300-000;ETANOL;10/05/2004;1,15;1;R$ / litro;PETROBRAS DISTRIBUIDORA S.A.,,,
NE;AL;ARAPIRACA;POSTO E HOTEL DIVAN LTDA; 24.313.645/0001-42;AVENIDA GOVERNADOR ANTONIO SIMEĂO LAMENHA FILHO;406;;JARDIM TROPICAL;57300-000;DIESEL;10/05/2004;1,38;1,2243;R$ / litro;PETROBRAS DISTRIBUIDORA S.A.,,
NE;AL;ARAPIRACA;POSTO VAVEL LTDA -EPP; 02.496.680/0001-01;RODOVIA AL-110;1054;;CANAFISTULA;57302-045;GASOLINA;10/05/2004;2,04;;R$ / litro;CBPI,,,
NE;AL;ARAPIRACA;POSTO VAVEL LTDA -EPP; 02.496.680/0001-01;RODOVIA AL-110;1054;;CANAFISTULA;57302-045;ETANOL;10/05/2004;1,14;;R$ / litro;CBPI,,,
NE;AL;ARAPIRACA;POSTO VAVEL LTDA -EPP; 02.496.680/0001-01;RODOVIA AL-110;1054;;CANAFISTULA;57302-045;DIESEL;10/05/2004;1,38;;R$ / litro;CBPI,,,
NE;AL;ARAPIRACA;J. R. SOARES & SOUZA LTDA ME; 35.370.972/0004-03;RUA BENJAMIM FREIRE DE AMORIM;2135;;JARDIM ESPERANÇA;57307-620;GASOLINA;10/05/2004;2,07;;R$ / litro;BRANCA,,,
NE;AL;ARAPIRACA;J. R. SOARES & SOUZA LTDA ME; 35.370.972/0004-03;RUA BENJAMIM FREIRE DE AMORIM;2135;;JARDIM ESPERANÇA;57307-620;ETANOL;10/05/2004;1,1;;R$ / litro;BRANCA,,,
NE;AL;ARAPIRACA;J. R. SOARES & SOUZA LTDA ME; 35.370.972/0004-03;RUA BENJAMIM FREIRE DE AMORIM;2135;;JARDIM ESPERANÇA;57307-620;DIESEL;10/05/2004;1,35;;R$ / litro;BRANCA,,,
NE;AL;ARAPIRACA;RODO CENTER AUTO POSTO LTDA; 40.921.967/0001-20;RODOVIA AL 220;SN;KM 06;JARDIM ESPERANCA;57304-820;GASOLINA;10/05/2004;2,099;;R$ / litro;PETROBRAS DISTRIBUIDORA S.A.,,,
NE;AL;ARAPIRACA;RODO CENTER AUTO POSTO LTDA; 40.921.967/0001-20;RODOVIA AL 220;SN;KM 06;JARDIM ESPERANCA;57304-820;ETANOL;10/05/2004;1,199;;R$ / litro;PETROBRAS DISTRIBUIDORA S.A.,,,
NE;AL;ARAPIRACA;RODO CENTER AUTO POSTO LTDA; 40.921.967/0001-20;RODOVIA AL 220;SN;KM 06;JARDIM ESPERANCA;57304-820;DIESEL;10/05/2004;1,35;;R$ / litro;PETROBRAS DISTRIBUIDORA S.A.,,,
NE;AL;ARAPIRACA;CIRIO ANTONIO DE SOUZA CIA LTDA; 12.419.768/0001-83;RUA EXPEDICIONARIOS BRASILEIROS;1061;;ELDORADO;57306-000;GASOLINA;10/05/2004;2,099;;R$ / litro;PETROBRAS DISTRIBUIDORA S.A.,,,
NE;AL;ARAPIRACA;CIRIO ANTONIO DE SOUZA CIA LTDA; 12.419.768/0001-83;RUA EXPEDICIONARIOS BRASILEIROS;1061;;ELDORADO;57306-000;ETANOL;10/05/2004;1,299;;R$ / litro;PETROBRAS DISTRIBUIDORA S.A.,,,
NE;AL;ARAPIRACA;CIRIO ANTONIO DE SOUZA CIA LTDA; 12.419.768/0001-83;RUA EXPEDICIONARIOS BRASILEIROS;1061;;ELDORADO;57306-000;DIESEL;10/05/2004;1,399;;R$ / litro;PETROBRAS DISTRIBUIDORA S.A.,,,
NE;AL;ARAPIRACA;DISTRIBUIDORA DE VEICULOS CONFIANCA LIMITADA; 12.396.339/0001-38;RUA QUINZE DE NOVEMBRO;451;;BRASILIA;57313-015;GASOLINA;10/05/2004;2,09;;R$ / litro;RAIZEN,,,
NE;AL;ARAPIRACA;DISTRIBUIDORA DE VEICULOS CONFIANCA LIMITADA; 12.396.339/0001-38;RUA QUINZE DE NOVEMBRO;451;;BRASILIA;57313-015;ETANOL;10/05/2004;1,2;;R$ / litro;RAIZEN,,,
NE;AL;ARAPIRACA;DISTRIBUIDORA DE VEICULOS CONFIANCA LIMITADA; 12.396.339/0001-38;RUA QUINZE DE NOVEMBRO;451;;BRASILIA;57313-015;DIESEL;10/05/2004;1,4;;R$ / litro;RAIZEN,,,
NE;AL;ARAPIRACA;CAMPEL - COMERCIAL DE PETROLEO LTDA; 08.840.639/0001-97;RUA DOM JONAS BATINGAS;5;;OURO PRETO;57301-130;GASOLINA;10/05/2004;2,09;;R$ / litro;RAIZEN,,,
NE;AL;ARAPIRACA;CAMPEL - COMERCIAL DE PETROLEO LTDA; 08.840.639/0001-97;RUA DOM JONAS BATINGAS;5;;OURO PRETO;57301-130;ETANOL;10/05/2004;1,15;;R$ / litro;RAIZEN,,,
NE;AL;ARAPIRACA;CAMPEL - COMERCIAL DE PETROLEO LTDA; 08.840.639/0001-97;RUA DOM JONAS BATINGAS;5;;OURO PRETO;57301-130;DIESEL;10/05/2004;1,39;;R$ / litro;RAIZEN,,,
NE;AL;ARAPIRACA;AUTO POSTO PARAISO LTDA; 08.618.084/0001-33;RODOVIA AL 102;S/N;KM 73;SÍTIO MOCO;57300-000;GASOLINA;10/05/2004;2,15;;R$ / litro;BRANCA,,,
NE;AL;ARAPIRACA;AUTO POSTO PARAISO LTDA; 08.618.084/0001-33;RODOVIA AL 102;S/N;KM 73;SÍTIO MOCO;57300-000;ETANOL;10/05/2004;1,25;;R$ / litro;BRANCA,,,
NE;AL;ARAPIRACA;AUTO POSTO PARAISO LTDA; 08.618.084/0001-33;RODOVIA AL 102;S/N;KM 73;SÍTIO MOCO;57300-000;DIESEL;10/05/2004;1,45;;R$ / litro;BRANCA,,,
NE;AL;ARAPIRACA;AUTO POSTO BANANEIRA LTDA - ME; 08.615.908/0001-11;RUA MARECHAL DEODORO;275;;CENTRO;57313-010;GASOLINA;10/05/2004;2,05;;R$ / litro;PETROBRAS DISTRIBUIDORA S.A.,,,
NE;AL;ARAPIRACA;AUTO POSTO BANANEIRA LTDA - ME; 08.615.908/0001-11;RUA MARECHAL DEODORO;275;;CENTRO;57313-010;ETANOL;10/05/2004;1,2;;R$ / litro;PETROBRAS DISTRIBUIDORA S.A.,,,
NE;AL;ARAPIRACA;AUTO POSTO BANANEIRA LTDA - ME; 08.615.908/0001-11;RUA MARECHAL DEODORO;275;;CENTRO;57313-010;DIESEL;10/05/2004;1,4;;R$ / litro;PETROBRAS DISTRIBUIDORA S.A.,,,
NE;AL;ARAPIRACA;CENTRO COMERCIAL FERREIRA LTDA.; 04.714.021/0001-20;RODOVIA AL 110;S/N;KM 66;BOA VISTA;57300-000;GASOLINA;10/05/2004;2,09;;R$ / litro;PETROBRAS DISTRIBUIDORA S.A.,,,
NE;AL;ARAPIRACA;CENTRO COMERCIAL FERREIRA LTDA.; 04.714.021/0001-20;RODOVIA AL 110;S/N;KM 66;BOA VISTA;57300-000;ETANOL;10/05/2004;1,25;;R$ / litro;PETROBRAS DISTRIBUIDORA S.A.,,,
NE;AL;ARAPIRACA;CENTRO COMERCIAL FERREIRA LTDA.; 04.714.021/0001-20;RODOVIA AL 110;S/N;KM 66;BOA VISTA;57300-000;DIESEL;10/05/2004;1,37;;R$ / litro;PETROBRAS DISTRIBUIDORA S.A.,,,
NE;AL;ARAPIRACA;AUTO POSTO AURORA LTDA; 03.769.851/0001-91;RODOVIA AL 115;S/N;CASA COMERCIAL;BOA VISTA;57300-000;GASOLINA;10/05/2004;2;;R$ / litro;TEMAPE,,,,
NE;AL;ARAPIRACA;AUTO POSTO AURORA LTDA; 03.769.851/0001-91;RODOVIA AL 115;S/N;CASA COMERCIAL;BOA VISTA;57300-000;DIESEL;10/05/2004;1,36;;R$ / litro;TEMAPE,,,
NE;AL;ARAPIRACA;CRUZ DANTAS & CIA LTDA; 01.411.944/0001-14;RUA EXPEDICIONÁRIOS BRASILEIROS;693-A;;ELDORADO;57306-000;ETANOL;10/05/2004;1,15;;R$ / litro;BRANCA,,,
NE;AL;ARAPIRACA;IBN PINTO E SILVA & CIA LTDA; 01.242.690/0001-58;RODOVIA AL-110;678;KM    70;CANAFISTULA;57302-802;GASOLINA;10/05/2004;2,09;1,7484;R$ / litro;IPIRANGA,,
NE;AL;ARAPIRACA;IBN PINTO E SILVA & CIA LTDA; 01.242.690/0001-58;RODOVIA AL-110;678;KM    70;CANAFISTULA;57302-802;ETANOL;10/05/2004;1,19;0,9952;R$ / litro;IPIRANGA,,
NE;AL;ARAPIRACA;IBN PINTO E SILVA & CIA LTDA; 01.242.690/0001-58;RODOVIA AL-110;678;KM    70;CANAFISTULA;57302-802;DIESEL;10/05/2004;1,39;1,2062;R$ / litro;IPIRANGA,,
NE;AL;ARAPIRACA;IBN PINTO E SILVA & CIA LTDA; 01.242.690/0002-39;AVENIDA EMIDIO DE LIMA,;23;;JARDIM ESPERANCA;57304-820;GASOLINA;10/05/2004;2,09;;R$ / litro;IPIRANGA,,
NE;AL;ARAPIRACA;IBN PINTO E SILVA & CIA LTDA; 01.242.690/0002-39;AVENIDA EMIDIO DE LIMA,;23;;JARDIM ESPERANCA;57304-820;ETANOL;10/05/2004;1,209;;R$ / litro;IPIRANGA,,
NE;AL;ARAPIRACA;IBN PINTO E SILVA & CIA LTDA; 01.242.690/0002-39;AVENIDA EMIDIO DE LIMA,;23;;JARDIM ESPERANCA;57304-820;DIESEL;10/05/2004;1,41;;R$ / litro;IPIRANGA,,
NE;AL;DELMIRO GOUVEIA;POSTO DELMIRO GOUVEIA LTDA; 03.048.164/0001-87;PRACA VICENTE DE MENEZES;20;;CENTRO;57480-000;GASOLINA;10/05/2004;2,1;1,72;R$ / litro;PETROBRAS DISTRIBUIDORA S.A.,,
NE;AL;DELMIRO GOUVEIA;POSTO DELMIRO GOUVEIA LTDA; 03.048.164/0001-87;PRACA VICENTE DE MENEZES;20;;CENTRO;57480-000;ETANOL;10/05/2004;1,4;;R$ / litro;PETROBRAS DISTRIBUIDORA S.A.,,,
NE;AL;DELMIRO GOUVEIA;POSTO DELMIRO GOUVEIA LTDA; 03.048.164/0001-87;PRACA VICENTE DE MENEZES;20;;CENTRO;57480-000;DIESEL;10/05/2004;1,35;1,205;R$ / litro;PETROBRAS DISTRIBUIDORA S.A.,,
NE;AL;DELMIRO GOUVEIA;AUTO POSTO DA PEDRA LTDA; 05.518.639/0001-87;RUA FLORIANO PEIXOTO;281;;CENTRO;57480-000;GASOLINA;10/05/2004;2,1;1,6789;R$ / litro;BRANCA,,
NE;AL;DELMIRO GOUVEIA;AUTO POSTO DA PEDRA LTDA; 05.518.639/0001-87;RUA FLORIANO PEIXOTO;281;;CENTRO;57480-000;ETANOL;10/05/2004;1,4;1,0023;R$ / litro;BRANCA,,
NE;AL;DELMIRO GOUVEIA;AUTO POSTO DA PEDRA LTDA; 05.518.639/0001-87;RUA FLORIANO PEIXOTO;281;;CENTRO;57480-000;DIESEL;10/05/2004;1,35;1,1768;R$ / litro;BRANCA,,
NE;AL;DELMIRO GOUVEIA;COMERCIO DE COMBUSTIVEIS NENZITA LTDA; 04.431.113/0001-00;AVENIDA CAXANGA;126;;PEDRA VELHA;57480-000;GASOLINA;10/05/2004;2,1;1,6982;R$ / litro;BRANCA,,
NE;AL;DELMIRO GOUVEIA;COMERCIO DE COMBUSTIVEIS NENZITA LTDA; 04.431.113/0001-00;AVENIDA CAXANGA;126;;PEDRA VELHA;57480-000;ETANOL;10/05/2004;1,4;;R$ / litro;BRANCA,,,
NE;AL;DELMIRO GOUVEIA;COMERCIO DE COMBUSTIVEIS NENZITA LTDA; 04.431.113/0001-00;AVENIDA CAXANGA;126;;PEDRA VELHA;57480-000;DIESEL;10/05/2004;1,35;1,2191;R$ / litro;BRANCA,,
NE;AL;DELMIRO GOUVEIA;ELEIDE GOMES DE OLIVEIRA LISBOA; 03.732.515/0001-74;AVENIDA CAXANGA;20;;PEDRA VELHA;57480-000;GASOLINA;10/05/2004;2,1;;R$ / litro;TEMAPE,,,
NE;AL;DELMIRO GOUVEIA;ELEIDE GOMES DE OLIVEIRA LISBOA; 03.732.515/0001-74;AVENIDA CAXANGA;20;;PEDRA VELHA;57480-000;ETANOL;10/05/2004;1,4;;R$ / litro;TEMAPE,,,
NE;AL;DELMIRO GOUVEIA;ELEIDE GOMES DE OLIVEIRA LISBOA; 03.732.515/0001-74;AVENIDA CAXANGA;20;;PEDRA VELHA;57480-000;DIESEL;10/05/2004;1,35;;R$ / litro;TEMAPE,,,
NE;AL;PALMEIRA DOS INDIOS;A. B. LESSA NETO & CIA LTDA; 05.562.589/0001-35;AVENIDA VIEIRA DE BRITO;1888;;VILA MARIA;57607-570;GASOLINA;10/05/2004;2,08;;R$ / litro;EURO COMBUSTÍVEIS,,,
NE;AL;PALMEIRA DOS INDIOS;A. B. LESSA NETO & CIA LTDA; 05.562.589/0001-35;AVENIDA VIEIRA DE BRITO;1888;;VILA MARIA;57607-570;ETANOL;10/05/2004;1,16;;R$ / litro;EURO COMBUSTÍVEIS,,,
NE;AL;PALMEIRA DOS INDIOS;A. B. LESSA NETO & CIA LTDA; 05.562.589/0001-35;AVENIDA VIEIRA DE BRITO;1888;;VILA MARIA;57607-570;DIESEL;10/05/2004;1,35;;R$ / litro;EURO COMBUSTÍVEIS,,,
NE;AL;PALMEIRA DOS INDIOS;SOARES E SOUZA LTDA; 05.408.092/0002-48;AVENIDA ROTARY;490;;PALMEIRA DE FORA;57608-400;GASOLINA;10/05/2004;2,08;;R$ / litro;BRANCA,,,
NE;AL;PALMEIRA DOS INDIOS;SOARES E SOUZA LTDA; 05.408.092/0002-48;AVENIDA ROTARY;490;;PALMEIRA DE FORA;57608-400;ETANOL;10/05/2004;1,16;;R$ / litro;BRANCA,,,
NE;AL;PALMEIRA DOS INDIOS;SOARES E SOUZA LTDA; 05.408.092/0002-48;AVENIDA ROTARY;490;;PALMEIRA DE FORA;57608-400;DIESEL;10/05/2004;1,35;;R$ / litro;BRANCA,,,
NE;AL;PALMEIRA DOS INDIOS;IRMAOS TAVARES LTDA; 09.339.805/0001-39;RODOVIA BR 316;S/N;KM 147,9;PALMEIRA DE FORA;57600-000;GASOLINA;10/05/2004;2,08;;R$ / litro;BRANCA,,
NE;AL;PALMEIRA DOS INDIOS;IRMAOS TAVARES LTDA; 09.339.805/0001-39;RODOVIA BR 316;S/N;KM 147,9;PALMEIRA DE FORA;57600-000;ETANOL;10/05/2004;1,17;;R$ / litro;BRANCA,,
NE;AL;PALMEIRA DOS INDIOS;IRMAOS TAVARES LTDA; 09.339.805/0001-39;RODOVIA BR 316;S/N;KM 147,9;PALMEIRA DE FORA;57600-000;DIESEL;10/05/2004;1,35;;R$ / litro;BRANCA,,
NE;AL;PALMEIRA DOS INDIOS;J. R. SOARES & SOUZA LTDA ME; 35.370.972/0003-14;AVENIDA VIEIRA DE BRITO;680;;SĂO CRISTÓVĂO;57607-010;GASOLINA;10/05/2004;2,08;;R$ / litro;BRANCA,,,
NE;AL;PALMEIRA DOS INDIOS;J. R. SOARES & SOUZA LTDA ME; 35.370.972/0003-14;AVENIDA VIEIRA DE BRITO;680;;SĂO CRISTÓVĂO;57607-010;ETANOL;10/05/2004;1,17;;R$ / litro;BRANCA,,,
NE;AL;PALMEIRA DOS INDIOS;J. R. SOARES & SOUZA LTDA ME; 35.370.972/0003-14;AVENIDA VIEIRA DE BRITO;680;;SĂO CRISTÓVĂO;57607-010;DIESEL;10/05/2004;1,35;;R$ / litro;BRANCA,,,
NE;AL;PALMEIRA DOS INDIOS;POSTO ZÉ TAVARES COMÉRCIO DE COMBUSTÍVEIS LTDA; 12.018.131/0001-85;AVENIDA VIEIRA DE BRITO;460;TERREO;SAO CRISTOVAO;57601-100;GASOLINA;10/05/2004;2,08;;R$ / litro;RAIZEN,,,
NE;AL;PALMEIRA DOS INDIOS;POSTO ZÉ TAVARES COMÉRCIO DE COMBUSTÍVEIS LTDA; 12.018.131/0001-85;AVENIDA VIEIRA DE BRITO;460;TERREO;SAO CRISTOVAO;57601-100;ETANOL;10/05/2004;1,17;;R$ / litro;RAIZEN,,,
NE;AL;PALMEIRA DOS INDIOS;POSTO ZÉ TAVARES COMÉRCIO DE COMBUSTÍVEIS LTDA; 12.018.131/0001-85;AVENIDA VIEIRA DE BRITO;460;TERREO;SAO CRISTOVAO;57601-100;DIESEL;10/05/2004;1,35;;R$ / litro;RAIZEN,,,
NE;AL;PALMEIRA DOS INDIOS;BALBINO & CIA LTDA; 08.623.068/0001-39;AVENIDA GOVERNADOR MUNIZ FALCAO;1001;TERREO;SAO FRANCISCO;57607-280;GASOLINA;10/05/2004;2,08;1,7995;R$ / litro;RAIZEN,,
NE;AL;PALMEIRA DOS INDIOS;BALBINO & CIA LTDA; 08.623.068/0001-39;AVENIDA GOVERNADOR MUNIZ FALCAO;1001;TERREO;SAO FRANCISCO;57607-280;ETANOL;10/05/2004;1,17;1,0317;R$ / litro;RAIZEN,,
NE;AL;PALMEIRA DOS INDIOS;BALBINO & CIA LTDA; 08.623.068/0001-39;AVENIDA GOVERNADOR MUNIZ FALCAO;1001;TERREO;SAO FRANCISCO;57607-280;DIESEL;10/05/2004;1,35;1,244;R$ / litro;RAIZEN,,
NE;AL;PALMEIRA DOS INDIOS;AMORIM & CORREIA LTDA; 08.413.304/0001-92;RUA PEDRO BARBOSA;S/N;;CENTRO;57601-080;GASOLINA;10/05/2004;2,08;;R$ / litro;CBPI,,,
NE;AL;PALMEIRA DOS INDIOS;AMORIM & CORREIA LTDA; 08.413.304/0001-92;RUA PEDRO BARBOSA;S/N;;CENTRO;57601-080;ETANOL;10/05/2004;1,16;;R$ / litro;CBPI,,,
NE;AL;PALMEIRA DOS INDIOS;AMORIM & CORREIA LTDA; 08.413.304/0001-92;RUA PEDRO BARBOSA;S/N;;CENTRO;57601-080;DIESEL;10/05/2004;1,39;;R$ / litro;CBPI,,,
NE;AL;PALMEIRA DOS INDIOS;SEVERINO S. LOPES & CIA. LTDA.; 05.331.412/0001-28;AVENIDA MUNIZ FALCAO;218;;SĂO FRANCISCO;57602-490;GASOLINA;10/05/2004;2,08;;R$ / litro;BRANCA,,,
NE;AL;PALMEIRA DOS INDIOS;SEVERINO S. LOPES & CIA. LTDA.; 05.331.412/0001-28;AVENIDA MUNIZ FALCAO;218;;SĂO FRANCISCO;57602-490;ETANOL;10/05/2004;1,16;;R$ / litro;BRANCA,,,
NE;AL;PALMEIRA DOS INDIOS;SEVERINO S. LOPES & CIA. LTDA.; 05.331.412/0001-28;AVENIDA MUNIZ FALCAO;218;;SĂO FRANCISCO;57602-490;DIESEL;10/05/2004;1,36;;R$ / litro;BRANCA,,,
NE;AL;PALMEIRA DOS INDIOS;ANNA KARLA LOPES DA SILVA; 04.227.103/0001-40;RODOVIA AL 115;S/N;KM 01;ZONA RURAL;57600-000;GASOLINA;10/05/2004;2,08;;R$ / litro;TEMAPE,,,
NE;AL;PALMEIRA DOS INDIOS;ANNA KARLA LOPES DA SILVA; 04.227.103/0001-40;RODOVIA AL 115;S/N;KM 01;ZONA RURAL;57600-000;ETANOL;10/05/2004;1,17;;R$ / litro;TEMAPE,,,
NE;AL;PALMEIRA DOS INDIOS;ANNA KARLA LOPES DA SILVA; 04.227.103/0001-40;RODOVIA AL 115;S/N;KM 01;ZONA RURAL;57600-000;DIESEL;10/05/2004;1,36;;R$ / litro;TEMAPE,,,
NE;AL;PALMEIRA DOS INDIOS;J. LIMEIRA SANTOS & CIA. LTDA.; 01.865.332/0001-00;AVENIDA GOVERNADOR MUNIZ FALCAO;3510;;SĂO FRANCISCO;57603-000;GASOLINA;10/05/2004;2,08;;R$ / litro;BRANCA,,,
NE;AL;PALMEIRA DOS INDIOS;J. LIMEIRA SANTOS & CIA. LTDA.; 01.865.332/0001-00;AVENIDA GOVERNADOR MUNIZ FALCAO;3510;;SĂO FRANCISCO;57603-000;ETANOL;10/05/2004;1,17;;R$ / litro;BRANCA,,,
NE;AL;PALMEIRA DOS INDIOS;J. LIMEIRA SANTOS & CIA. LTDA.; 01.865.332/0001-00;AVENIDA GOVERNADOR MUNIZ FALCAO;3510;;SĂO FRANCISCO;57603-000;DIESEL;10/05/2004;1,36;;R$ / litro;BRANCA,,,
NE;AL;RIO LARGO;EMPREENDIMENTOS PALMARES LTDA; 05.290.591/0001-00;RODOVIA BR 104 - KM. 11;S/N;LOTES 1 AO 07 LOTEAMENTO PARQUE DOS EUCALÍPTOS;ANTONIO LINS SOUZA (ANTIGO TABULEIRO DO PINTO);57100-000;GASOLINA;10/05/2004;2,069;1,739;R$ / litro;BRANCA,,
NE;AL;RIO LARGO;EMPREENDIMENTOS PALMARES LTDA; 05.290.591/0001-00;RODOVIA BR 104 - KM. 11;S/N;LOTES 1 AO 07 LOTEAMENTO PARQUE DOS EUCALÍPTOS;ANTONIO LINS SOUZA (ANTIGO TABULEIRO DO PINTO);57100-000;ETANOL;10/05/2004;1,07;;R$ / litro;BRANCA,,,
NE;AL;RIO LARGO;EMPREENDIMENTOS PALMARES LTDA; 05.290.591/0001-00;RODOVIA BR 104 - KM. 11;S/N;LOTES 1 AO 07 LOTEAMENTO PARQUE DOS EUCALÍPTOS;ANTONIO LINS SOUZA (ANTIGO TABULEIRO DO PINTO);57100-000;DIESEL;10/05/2004;1,369;1,2328;R$ / litro;BRANCA,,
NE;AL;RIO LARGO;REMY COMERCIO E LUBRIFICANTES LTDA; 41.183.971/0002-82;LOTEAMENTO SĂO CAETANO;15190;LOTES 5 E 6  QUADRA F;TABULEIRO DO PINTO;57100-000;GASOLINA;11/05/2004;2,14;1,7671;R$ / litro;PETROBRAS DISTRIBUIDORA S.A.,,
NE;AL;RIO LARGO;REMY COMERCIO E LUBRIFICANTES LTDA; 41.183.971/0002-82;LOTEAMENTO SĂO CAETANO;15190;LOTES 5 E 6  QUADRA F;TABULEIRO DO PINTO;57100-000;ETANOL;11/05/2004;1,1;0,8912;R$ / litro;PETROBRAS DISTRIBUIDORA S.A.,,
NE;AL;RIO LARGO;REMY COMERCIO E LUBRIFICANTES LTDA; 41.183.971/0002-82;LOTEAMENTO SĂO CAETANO;15190;LOTES 5 E 6  QUADRA F;TABULEIRO DO PINTO;57100-000;DIESEL;11/05/2004;1,36;1,2128;R$ / litro;PETROBRAS DISTRIBUIDORA S.A.,,
NE;AL;RIO LARGO;OLIVEIRA & FREITAS LTDA; 01.600.494/0001-08;LOTEAMENTO VILA RICA QUADRA B;12;MATA DO ROLO;CENTRO;57100-000;GASOLINA;10/05/2004;2,06;;R$ / litro;PETROBRAS DISTRIBUIDORA S.A.,,,
NE;AL;RIO LARGO;OLIVEIRA & FREITAS LTDA; 01.600.494/0001-08;LOTEAMENTO VILA RICA QUADRA B;12;MATA DO ROLO;CENTRO;57100-000;ETANOL;10/05/2004;1,08;;R$ / litro;PETROBRAS DISTRIBUIDORA S.A.,,,
NE;AL;RIO LARGO;OLIVEIRA & FREITAS LTDA; 01.600.494/0001-08;LOTEAMENTO VILA RICA QUADRA B;12;MATA DO ROLO;CENTRO;57100-000;DIESEL;10/05/2004;1,32;;R$ / litro;PETROBRAS DISTRIBUIDORA S.A.,,,
NE;AL;RIO LARGO;FLECHA S/A TURISMO COMÉRCIO E INDÚSTRIA; 27.075.753/0010-03;RODOVIA BR 101;S/N;KM 75;TABULEIRO DO PINTO;57100-000;GASOLINA;10/05/2004;2,115;1,8774;R$ / litro;RAIZEN,,
NE;AL;RIO LARGO;FLECHA S/A TURISMO COMÉRCIO E INDÚSTRIA; 27.075.753/0010-03;RODOVIA BR 101;S/N;KM 75;TABULEIRO DO PINTO;57100-000;ETANOL;10/05/2004;1,199;;R$ / litro;RAIZEN,,,
NE;AL;RIO LARGO;FLECHA S/A TURISMO COMÉRCIO E INDÚSTRIA; 27.075.753/0010-03;RODOVIA BR 101;S/N;KM 75;TABULEIRO DO PINTO;57100-000;DIESEL;10/05/2004;1,42;1,202;R$ / litro;RAIZEN,,
NE;AL;RIO LARGO;AUTO POSTO PIONEIRO LTDA; 05.101.388/0001-30;RODOVIA BR 101 NORTE KM 75;S/N;ZONA RURAL;ZONA RURAL;57100-000;GASOLINA;10/05/2004;2,06;1,6883;R$ / litro;BRANCA,,
NE;AL;RIO LARGO;AUTO POSTO PIONEIRO LTDA; 05.101.388/0001-30;RODOVIA BR 101 NORTE KM 75;S/N;ZONA RURAL;ZONA RURAL;57100-000;ETANOL;10/05/2004;1,09;0,7864;R$ / litro;BRANCA,,
NE;AL;RIO LARGO;AUTO POSTO PIONEIRO LTDA; 05.101.388/0001-30;RODOVIA BR 101 NORTE KM 75;S/N;ZONA RURAL;ZONA RURAL;57100-000;DIESEL;10/05/2004;1,32;1,1809;R$ / litro;BRANCA,,
NE;AL;RIO LARGO;ADMINISTRADORA MUNDAU LTDA; 03.305.493/0001-66;RODOVIA BR 104;S/N;KM 88;MATA DO ROLO;57100-000;GASOLINA;10/05/2004;2,05;1,685;R$ / litro;IPIRANGA,,
NE;AL;RIO LARGO;ADMINISTRADORA MUNDAU LTDA; 03.305.493/0001-66;RODOVIA BR 104;S/N;KM 88;MATA DO ROLO;57100-000;ETANOL;10/05/2004;1,08;;R$ / litro;IPIRANGA,,,
NE;AL;RIO LARGO;ADMINISTRADORA MUNDAU LTDA; 03.305.493/0001-66;RODOVIA BR 104;S/N;KM 88;MATA DO ROLO;57100-000;DIESEL;10/05/2004;1,31;1,2186;R$ / litro;IPIRANGA,,
NE;AL;RIO LARGO;AUTO POSTO SHELL AEROPOSTO LTDA; 03.015.970/0001-59;RODOVIA BR 104  NORTE;S/N;KM 20;TABULEIRO DO PINTO;57100-000;GASOLINA;10/05/2004;2,12;1,7117;R$ / litro;RAIZEN,,
NE;AL;RIO LARGO;AUTO POSTO SHELL AEROPOSTO LTDA; 03.015.970/0001-59;RODOVIA BR 104  NORTE;S/N;KM 20;TABULEIRO DO PINTO;57100-000;ETANOL;10/05/2004;1,05;0,9418;R$ / litro;RAIZEN,,
NE;AL;RIO LARGO;AUTO POSTO SHELL AEROPOSTO LTDA; 03.015.970/0001-59;RODOVIA BR 104  NORTE;S/N;KM 20;TABULEIRO DO PINTO;57100-000;DIESEL;10/05/2004;1,32;1,2269;R$ / litro;RAIZEN,,
NE;AL;SANTANA DO IPANEMA;IRMAOS JOTA PINTO & CIA LTDA; 08.418.303/0002-11;AVENIDA DR ARSENIO MOREIRA;420;;MONUMENTO;57500-000;GASOLINA;10/05/2004;2,06;1,7286;R$ / litro;IPIRANGA,,
NE;AL;SANTANA DO IPANEMA;IRMAOS JOTA PINTO & CIA LTDA; 08.418.303/0002-11;AVENIDA DR ARSENIO MOREIRA;420;;MONUMENTO;57500-000;ETANOL;10/05/2004;1,2;0,9686;R$ / litro;IPIRANGA,,
NE;AL;SANTANA DO IPANEMA;IRMAOS JOTA PINTO & CIA LTDA; 08.418.303/0002-11;AVENIDA DR ARSENIO MOREIRA;420;;MONUMENTO;57500-000;DIESEL;10/05/2004;1,37;1,2129;R$ / litro;IPIRANGA,,
NE;AL;SANTANA DO IPANEMA;IRMAOS JOTA PINTO & CIA LTDA; 08.418.303/0001-30;RUA DOMINGOS ACACIO;144;;DOMINGOS ACACIO;57500-000;GASOLINA;10/05/2004;2,06;;R$ / litro;PETROBRAS DISTRIBUIDORA S.A.,,,
NE;AL;SANTANA DO IPANEMA;IRMAOS JOTA PINTO & CIA LTDA; 08.418.303/0001-30;RUA DOMINGOS ACACIO;144;;DOMINGOS ACACIO;57500-000;ETANOL;10/05/2004;1,19;;R$ / litro;PETROBRAS DISTRIBUIDORA S.A.,,,
NE;AL;SANTANA DO IPANEMA;IRMAOS JOTA PINTO & CIA LTDA; 08.418.303/0001-30;RUA DOMINGOS ACACIO;144;;DOMINGOS ACACIO;57500-000;DIESEL;10/05/2004;1,37;;R$ / litro;PETROBRAS DISTRIBUIDORA S.A.,,,
NE;AL;SANTANA DO IPANEMA;JOSE CARLOS MORONI VALENCA & CIA LTDA; 12.688.818/0003-90;AVENIDA PRESIDENTE DUTRA;816A;;MONUMENTO;57500-000;GASOLINA;10/05/2004;2,06;;R$ / litro;CBPI,,,
NE;AL;SANTANA DO IPANEMA;JOSE CARLOS MORONI VALENCA & CIA LTDA; 12.688.818/0003-90;AVENIDA PRESIDENTE DUTRA;816A;;MONUMENTO;57500-000;ETANOL;10/05/2004;1,2;;R$ / litro;CBPI,,,
NE;AL;SANTANA DO IPANEMA;JOSE CARLOS MORONI VALENCA & CIA LTDA; 12.688.818/0003-90;AVENIDA PRESIDENTE DUTRA;816A;;MONUMENTO;57500-000;DIESEL;10/05/2004;1,37;;R$ / litro;CBPI,,,
NE;AL;SANTANA DO IPANEMA;JOSE CARLOS MORONI VALENCA & CIA LTDA; 12.688.818/0001-28;RUA DOMINGOS ACACIO;61;;DOMINGOS ACACIO;57500-000;GASOLINA;10/05/2004;2,06;;R$ / litro;BRANCA,,,
NE;AL;SANTANA DO IPANEMA;JOSE CARLOS MORONI VALENCA & CIA LTDA; 12.688.818/0001-28;RUA DOMINGOS ACACIO;61;;DOMINGOS ACACIO;57500-000;ETANOL;10/05/2004;1,2;;R$ / litro;BRANCA,,,
NE;AL;SANTANA DO IPANEMA;JOSE CARLOS MORONI VALENCA & CIA LTDA; 12.688.818/0001-28;RUA DOMINGOS ACACIO;61;;DOMINGOS ACACIO;57500-000;DIESEL;10/05/2004;1,37;;R$ / litro;BRANCA,,,
NE;AL;SANTANA DO IPANEMA;ADILZA S. F. RAMOS; 01.332.922/0001-69;RUA PEDRO BRANDĂO;370;;CAMOXINGA;57500-000;GASOLINA;10/05/2004;2,06;1,7113;R$ / litro;PETROBRAS DISTRIBUIDORA S.A.,,
NE;AL;SANTANA DO IPANEMA;ADILZA S. F. RAMOS; 01.332.922/0001-69;RUA PEDRO BRANDĂO;370;;CAMOXINGA;57500-000;ETANOL;10/05/2004;1,19;0,8883;R$ / litro;PETROBRAS DISTRIBUIDORA S.A.,,
NE;AL;SANTANA DO IPANEMA;ADILZA S. F. RAMOS; 01.332.922/0001-69;RUA PEDRO BRANDĂO;370;;CAMOXINGA;57500-000;DIESEL;10/05/2004;1,37;1,1953;R$ / litro;PETROBRAS DISTRIBUIDORA S.A.,,
N;AM;ITACOATIARA;EMAQUISON DOS SANTOS FERREIRA; 04.280.081/0001-81;AVENIDA TORQUATO TAPAJOS;1887;;PEDREIRAS;69100-000;GASOLINA;10/05/2004;1,95;1,7513;R$ / litro;BRANCA,,
N;AM;ITACOATIARA;EMAQUISON DOS SANTOS FERREIRA; 04.280.081/0001-81;AVENIDA TORQUATO TAPAJOS;1887;;PEDREIRAS;69100-000;DIESEL;10/05/2004;1,5;1,3663;R$ / litro;BRANCA,,
N;AM;ITACOATIARA;MARIO CORREA CABRAL; 04.305.033/0001-09;MARGEM ESQUERDA DO RIO AMAZONAS;S/N;PORTO DO JAUARY;JAUARY;69100-000;GASOLINA;10/05/2004;1,97;1,69;R$ / litro;BRANCA,,
N;AM;ITACOATIARA;MARIO CORREA CABRAL; 04.305.033/0001-09;MARGEM ESQUERDA DO RIO AMAZONAS;S/N;PORTO DO JAUARY;JAUARY;69100-000;DIESEL;10/05/2004;1,47;;R$ / litro;BRANCA,,,
N;AM;ITACOATIARA;RODRIGUES E MARTINS LTDA; 84.506.476/0001-99;RUA BENJAMIM CONSTANT;S/N;0;CENTRO;69100-000;GASOLINA;10/05/2004;1,99;1,7546;R$ / litro;BRANCA,,
N;AM;ITACOATIARA;RODRIGUES E MARTINS LTDA; 84.506.476/0001-99;RUA BENJAMIM CONSTANT;S/N;0;CENTRO;69100-000;ETANOL;10/05/2004;1,7;;R$ / litro;BRANCA,,,
N;AM;ITACOATIARA;RODRIGUES E MARTINS LTDA; 84.506.476/0001-99;RUA BENJAMIM CONSTANT;S/N;0;CENTRO;69100-000;DIESEL;10/05/2004;1,5;1,3689;R$ / litro;BRANCA,,
N;AM;ITACOATIARA;POSTO FERREIRA LTDA - ME.; 84.451.731/0001-43;RUA FILETO PIRES;1725;;COLONIA;69100-000;GASOLINA;10/05/2004;1,99;;R$ / litro;BRANCA,,,
